2015-11-04	"2,054"	"2,056"	"2,042"	"2,053"	"545,085"
2015-11-05	"2,049"	"2,050"	"2,040"	"2,049"	"349,079"
2015-11-06	"2,048"	"2,055"	"2,038"	"2,041"	"465,030"
2015-11-09	"2,039"	"2,039"	"2,023"	"2,026"	"435,389"
2015-11-10	"2,015"	"2,015"	"1,989"	"1,997"	"417,457"
2015-11-11	"1,994"	"2,002"	"1,983"	"1,997"	"286,567"
2015-11-12	"1,997"	"1,999"	"1,991"	"1,993"	"389,444"
2015-11-13	"1,976"	"1,981"	"1,970"	"1,973"	"342,313"
2015-11-16	"1,946"	"1,956"	"1,943"	"1,943"	"433,426"
2015-11-17	"1,967"	"1,974"	"1,959"	"1,964"	"417,559"
2015-11-18	"1,967"	"1,973"	"1,961"	"1,963"	"541,860"
2015-11-19	"1,977"	"1,989"	"1,973"	"1,989"	"422,517"
2015-11-20	"1,989"	"1,994"	"1,986"	"1,990"	"413,655"
2015-11-23	"1,996"	"2,008"	"1,993"	"2,004"	"383,231"
2015-11-24	"2,004"	"2,020"	"2,003"	"2,016"	"417,004"
2015-11-25	"2,018"	"2,019"	"2,008"	"2,009"	"391,646"
2015-11-26	"2,015"	"2,033"	"2,015"	"2,031"	"454,457"
2015-11-27	"2,039"	"2,039"	"2,026"	"2,029"	"481,950"
2015-11-30	"2,022"	"2,022"	"1,987"	"1,992"	"452,865"
2015-12-01	"2,002"	"2,026"	"2,002"	"2,024"	"573,342"
2015-12-02	"2,026"	"2,026"	"2,009"	"2,009"	"631,315"
2015-12-03	"2,000"	"2,000"	"1,982"	"1,994"	"365,870"
2015-12-04	"1,972"	"1,983"	"1,970"	"1,974"	"379,466"
2015-12-07	"1,988"	"1,988"	"1,964"	"1,964"	"382,132"
2015-12-08	"1,964"	"1,971"	"1,948"	"1,949"	"406,175"
2015-12-09	"1,951"	"1,957"	"1,945"	"1,948"	"378,094"
2015-12-10	"1,947"	"1,957"	"1,940"	"1,952"	"377,848"
2015-12-11	"1,953"	"1,961"	"1,944"	"1,949"	"380,713"
2015-12-14	"1,926"	"1,930"	"1,919"	"1,928"	"439,741"
2015-12-15	"1,936"	"1,938"	"1,926"	"1,933"	"434,738"
2015-12-16	"1,950"	"1,976"	"1,950"	"1,969"	"475,097"
2015-12-17	"1,984"	"1,988"	"1,968"	"1,978"	"379,574"
2015-12-18	"1,960"	"1,981"	"1,958"	"1,975"	"677,729"
2015-12-21	"1,974"	"1,987"	"1,968"	"1,981"	"539,596"
2015-12-22	"1,984"	"1,993"	"1,971"	"1,993"	"577,235"
2015-12-23	"1,994"	"2,007"	"1,989"	"1,999"	"502,366"
2015-12-24	"2,009"	"2,010"	"1,991"	"1,991"	"504,620"
2015-12-28	"1,991"	"1,991"	"1,964"	"1,964"	"396,643"
2015-12-29	"1,956"	"1,969"	"1,946"	"1,966"	"401,427"
2015-12-30	"1,973"	"1,975"	"1,959"	"1,961"	"304,462"
2016-01-04	"1,954"	"1,955"	"1,919"	"1,919"	"359,018"
2016-01-05	"1,912"	"1,938"	"1,912"	"1,931"	"446,548"
2016-01-06	"1,934"	"1,934"	"1,912"	"1,925"	"594,612"
2016-01-07	"1,916"	"1,926"	"1,901"	"1,904"	"393,042"
2016-01-08	"1,889"	"1,918"	"1,884"	"1,918"	"430,204"
2016-01-11	"1,897"	"1,907"	"1,893"	"1,895"	"328,768"
2016-01-12	"1,908"	"1,911"	"1,889"	"1,891"	"295,135"
2016-01-13	"1,904"	"1,921"	"1,902"	"1,916"	"265,221"
2016-01-14	"1,893"	"1,900"	"1,882"	"1,900"	"310,978"
2016-01-15	"1,916"	"1,918"	"1,873"	"1,879"	"312,359"
2016-01-18	"1,856"	"1,882"	"1,855"	"1,878"	"276,937"
2016-01-19	"1,880"	"1,890"	"1,867"	"1,890"	"335,321"
2016-01-20	"1,885"	"1,885"	"1,830"	"1,845"	"407,298"
2016-01-21	"1,848"	"1,860"	"1,838"	"1,841"	"433,741"
2016-01-22	"1,860"	"1,879"	"1,860"	"1,879"	"408,460"
2016-01-25	"1,890"	"1,901"	"1,883"	"1,893"	"315,303"
2016-01-26	"1,882"	"1,884"	"1,863"	"1,872"	"298,824"
2016-01-27	"1,888"	"1,902"	"1,883"	"1,898"	"348,905"
2016-01-28	"1,885"	"1,908"	"1,878"	"1,907"	"354,305"
2016-01-29	"1,905"	"1,912"	"1,888"	"1,912"	"386,555"
2016-02-01	"1,920"	"1,926"	"1,913"	"1,925"	"440,317"
2016-02-02	"1,915"	"1,920"	"1,906"	"1,907"	"412,273"
2016-02-03	"1,894"	"1,895"	"1,883"	"1,891"	"408,594"
2016-02-04	"1,900"	"1,917"	"1,897"	"1,916"	"365,805"
2016-02-05	"1,915"	"1,922"	"1,910"	"1,918"	"305,766"
2016-02-11	"1,873"	"1,878"	"1,859"	"1,862"	"386,428"
2016-02-12	"1,851"	"1,857"	"1,818"	"1,835"	"470,499"
2016-02-15	"1,857"	"1,865"	"1,848"	"1,862"	"284,595"
2016-02-16	"1,870"	"1,892"	"1,868"	"1,888"	"388,318"
2016-02-17	"1,889"	"1,897"	"1,881"	"1,884"	"344,628"
2016-02-18	"1,909"	"1,910"	"1,898"	"1,909"	"332,576"
2016-02-19	"1,905"	"1,916"	"1,902"	"1,916"	"312,197"
2016-02-22	"1,912"	"1,921"	"1,906"	"1,916"	"267,858"
2016-02-23	"1,929"	"1,930"	"1,910"	"1,914"	"326,810"
2016-02-24	"1,909"	"1,919"	"1,906"	"1,913"	"281,600"
2016-02-25	"1,919"	"1,928"	"1,907"	"1,919"	"305,789"
2016-02-26	"1,927"	"1,928"	"1,917"	"1,920"	"280,216"
2016-02-29	"1,922"	"1,927"	"1,917"	"1,917"	"275,051"
2016-03-02	"1,944"	"1,950"	"1,942"	"1,947"	"323,352"
2016-03-03	"1,958"	"1,958"	"1,947"	"1,958"	"420,984"
2016-03-04	"1,956"	"1,958"	"1,949"	"1,956"	"316,418"
2016-03-07	"1,961"	"1,963"	"1,956"	"1,958"	"344,612"
2016-03-08	"1,959"	"1,959"	"1,936"	"1,946"	"358,684"
2016-03-09	"1,941"	"1,953"	"1,938"	"1,953"	"355,392"
2016-03-10	"1,959"	"1,976"	"1,956"	"1,969"	"352,325"
2016-03-11	"1,968"	"1,976"	"1,967"	"1,971"	"303,418"
2016-03-14	"1,986"	"1,986"	"1,971"	"1,972"	"357,078"
2016-03-15	"1,976"	"1,979"	"1,966"	"1,970"	"264,582"
2016-03-16	"1,972"	"1,982"	"1,970"	"1,975"	"294,460"
2016-03-17	"1,985"	"2,000"	"1,984"	"1,988"	"291,577"
2016-03-18	"1,996"	"1,996"	"1,986"	"1,992"	"385,847"
2016-03-21	"1,999"	"2,003"	"1,983"	"1,990"	"323,260"
2016-03-22	"1,993"	"1,998"	"1,987"	"1,997"	"383,752"
2016-03-23	"1,996"	"2,002"	"1,990"	"1,995"	"367,551"
2016-03-24	"1,988"	"1,993"	"1,981"	"1,986"	"341,173"
2016-03-25	"1,991"	"1,991"	"1,982"	"1,984"	"463,422"
2016-03-28	"1,985"	"1,992"	"1,981"	"1,983"	"410,468"
2016-03-29	"1,987"	"1,997"	"1,984"	"1,995"	"385,453"
2016-03-30	"2,005"	"2,009"	"1,999"	"2,002"	"368,305"
2016-03-31	"2,006"	"2,007"	"1,987"	"1,996"	"335,073"
2016-04-01	"1,995"	"1,995"	"1,970"	"1,974"	"392,258"
2016-04-04	"1,975"	"1,979"	"1,969"	"1,979"	"363,317"
2016-04-05	"1,972"	"1,973"	"1,959"	"1,963"	"368,164"
2016-04-06	"1,963"	"1,975"	"1,962"	"1,971"	"358,031"
2016-04-07	"1,979"	"1,980"	"1,965"	"1,974"	"434,061"
2016-04-08	"1,961"	"1,972"	"1,954"	"1,972"	"400,616"
2016-04-11	"1,972"	"1,974"	"1,963"	"1,970"	"379,537"
2016-04-12	"1,971"	"1,982"	"1,969"	"1,981"	"387,318"
2016-04-14	"2,004"	"2,016"	"2,001"	"2,016"	"473,519"
2016-04-15	"2,013"	"2,017"	"2,009"	"2,015"	"317,709"
2016-04-18	"2,001"	"2,010"	"1,998"	"2,009"	"339,248"
2016-04-19	"2,015"	"2,020"	"2,008"	"2,011"	"401,236"
2016-04-20	"2,017"	"2,024"	"2,006"	"2,006"	"423,964"
2016-04-21	"2,015"	"2,022"	"2,009"	"2,022"	"392,096"
2016-04-22	"2,015"	"2,018"	"2,011"	"2,015"	"480,470"
2016-04-25	"2,016"	"2,017"	"2,007"	"2,015"	"397,674"
2016-04-26	"2,013"	"2,022"	"2,012"	"2,020"	"509,281"
2016-04-27	"2,019"	"2,020"	"2,013"	"2,015"	"412,802"
2016-04-28	"2,021"	"2,023"	"1,999"	"2,001"	"341,142"
2016-04-29	"1,999"	"1,999"	"1,983"	"1,994"	"401,063"
2016-05-02	"1,992"	"1,992"	"1,977"	"1,978"	"328,194"
2016-05-03	"1,988"	"1,989"	"1,980"	"1,986"	"310,492"
2016-05-04	"1,978"	"1,982"	"1,969"	"1,977"	"352,695"
2016-05-09	"1,975"	"1,976"	"1,963"	"1,968"	"342,189"
2016-05-10	"1,966"	"1,983"	"1,965"	"1,983"	"369,085"
2016-05-11	"1,989"	"1,989"	"1,970"	"1,980"	"398,532"
2016-05-12	"1,973"	"1,981"	"1,971"	"1,977"	"462,882"
2016-05-13	"1,980"	"1,980"	"1,963"	"1,967"	"509,123"
2016-05-16	"1,962"	"1,971"	"1,961"	"1,968"	"526,717"
2016-05-17	"1,974"	"1,975"	"1,963"	"1,968"	"597,582"
2016-05-18	"1,963"	"1,964"	"1,946"	"1,957"	"696,273"
2016-05-19	"1,954"	"1,954"	"1,942"	"1,947"	"505,920"
2016-05-20	"1,944"	"1,952"	"1,940"	"1,948"	"388,051"
2016-05-23	"1,954"	"1,957"	"1,940"	"1,955"	"399,513"
2016-05-24	"1,951"	"1,951"	"1,938"	"1,938"	"517,076"
2016-05-25	"1,954"	"1,965"	"1,951"	"1,961"	"656,874"
2016-05-26	"1,966"	"1,967"	"1,956"	"1,957"	"558,263"
2016-05-27	"1,962"	"1,971"	"1,960"	"1,969"	"523,531"
2016-05-30	"1,970"	"1,971"	"1,955"	"1,967"	"550,502"
2016-05-31	"1,962"	"1,984"	"1,958"	"1,983"	"657,045"
2016-06-01	"1,977"	"1,987"	"1,976"	"1,983"	"502,290"
2016-06-02	"1,984"	"1,988"	"1,979"	"1,985"	"474,228"
2016-06-03	"1,992"	"1,992"	"1,980"	"1,986"	"540,858"
2016-06-07	"1,993"	"2,012"	"1,993"	"2,012"	"481,348"
2016-06-08	"2,014"	"2,027"	"2,009"	"2,027"	"497,934"
2016-06-09	"2,028"	"2,035"	"2,012"	"2,024"	"599,680"
2016-06-10	"2,023"	"2,023"	"2,014"	"2,018"	"404,303"
2016-06-13	"2,001"	"2,002"	"1,977"	"1,979"	"443,001"
2016-06-14	"1,977"	"1,982"	"1,965"	"1,972"	"439,936"
2016-06-15	"1,972"	"1,976"	"1,961"	"1,969"	"376,769"
2016-06-16	"1,972"	"1,974"	"1,945"	"1,952"	"438,794"
2016-06-17	"1,966"	"1,971"	"1,950"	"1,953"	"485,269"
2016-06-20	"1,974"	"1,984"	"1,970"	"1,981"	"391,345"
2016-06-21	"1,978"	"1,984"	"1,972"	"1,983"	"557,437"
2016-06-22	"1,982"	"1,995"	"1,979"	"1,993"	"407,434"
2016-06-23	"1,989"	"1,991"	"1,980"	"1,987"	"455,389"
2016-06-24	"2,002"	"2,002"	"1,893"	"1,925"	"750,546"
2016-06-27	"1,902"	"1,927"	"1,901"	"1,927"	"394,266"
2016-06-28	"1,908"	"1,938"	"1,907"	"1,936"	"373,459"
2016-06-29	"1,946"	"1,966"	"1,942"	"1,956"	"451,186"
2016-06-30	"1,972"	"1,973"	"1,959"	"1,970"	"349,862"
2016-07-01	"1,977"	"1,994"	"1,976"	"1,987"	"448,128"
2016-07-04	"1,989"	"1,997"	"1,985"	"1,995"	"468,611"
2016-07-05	"1,996"	"1,997"	"1,986"	"1,990"	"405,487"
2016-07-06	"1,980"	"1,983"	"1,944"	"1,953"	"457,438"
2016-07-07	"1,963"	"1,976"	"1,960"	"1,974"	"378,755"
2016-07-08	"1,972"	"1,980"	"1,957"	"1,963"	"356,526"
2016-07-11	"1,979"	"1,991"	"1,978"	"1,989"	"337,763"
2016-07-12	"1,991"	"1,998"	"1,986"	"1,991"	"432,650"
2016-07-13	"2,008"	"2,014"	"1,996"	"2,006"	"357,643"
2016-07-14	"2,004"	"2,010"	"1,998"	"2,009"	"340,227"
2016-07-15	"2,015"	"2,022"	"2,011"	"2,017"	"477,808"
2016-07-18	"2,018"	"2,022"	"2,012"	"2,021"	"380,091"
2016-07-19	"2,023"	"2,023"	"2,010"	"2,017"	"380,797"
2016-07-20	"2,013"	"2,015"	"2,004"	"2,015"	"316,335"
2016-07-21	"2,019"	"2,021"	"2,008"	"2,012"	"391,049"
2016-07-22	"2,005"	"2,014"	"2,003"	"2,010"	"320,954"
2016-07-25	"2,015"	"2,021"	"2,007"	"2,012"	"350,230"
2016-07-26	"2,009"	"2,027"	"2,008"	"2,027"	"338,607"
2016-07-27	"2,027"	"2,031"	"2,021"	"2,025"	"411,661"
2016-07-28	"2,029"	"2,029"	"2,014"	"2,021"	"350,881"
2016-07-29	"2,023"	"2,029"	"2,016"	"2,016"	"366,385"
2016-08-01	"2,025"	"2,032"	"2,025"	"2,030"	"369,588"
2016-08-02	"2,024"	"2,026"	"2,018"	"2,019"	"409,940"
2016-08-03	"2,009"	"2,009"	"1,993"	"1,995"	"485,853"
2016-08-04	"2,006"	"2,006"	"1,995"	"2,000"	"326,514"
2016-08-05	"2,006"	"2,018"	"2,004"	"2,018"	"289,293"
2016-08-08	"2,026"	"2,031"	"2,019"	"2,031"	"270,484"
2016-08-09	"2,034"	"2,046"	"2,032"	"2,044"	"436,716"
2016-08-10	"2,043"	"2,049"	"2,040"	"2,045"	"331,091"
2016-08-11	"2,043"	"2,049"	"2,035"	"2,049"	"346,081"
2016-08-12	"2,054"	"2,061"	"2,046"	"2,050"	"376,489"
2016-08-16	"2,056"	"2,063"	"2,048"	"2,048"	"374,872"
2016-08-17	"2,045"	"2,048"	"2,033"	"2,044"	"391,714"
2016-08-18	"2,048"	"2,056"	"2,042"	"2,055"	"353,080"
2016-08-19	"2,058"	"2,059"	"2,050"	"2,056"	"392,318"
2016-08-22	"2,054"	"2,055"	"2,041"	"2,042"	"343,502"
2016-08-23	"2,044"	"2,051"	"2,042"	"2,050"	"360,414"
2016-08-24	"2,051"	"2,053"	"2,040"	"2,044"	"285,183"
2016-08-25	"2,042"	"2,046"	"2,035"	"2,043"	"277,432"
2016-08-26	"2,037"	"2,040"	"2,028"	"2,038"	"288,184"
2016-08-29	"2,029"	"2,035"	"2,025"	"2,032"	"316,969"
2016-08-30	"2,039"	"2,050"	"2,037"	"2,040"	"378,563"
2016-08-31	"2,039"	"2,041"	"2,027"	"2,035"	"400,952"
2016-09-01	"2,023"	"2,033"	"2,016"	"2,033"	"300,506"
2016-09-02	"2,034"	"2,039"	"2,030"	"2,038"	"342,631"
2016-09-05	"2,049"	"2,061"	"2,047"	"2,060"	"572,966"
2016-09-06	"2,058"	"2,068"	"2,057"	"2,067"	"462,549"
2016-09-07	"2,069"	"2,074"	"2,062"	"2,062"	"687,157"
2016-09-08	"2,065"	"2,071"	"2,053"	"2,064"	"656,653"
2016-09-09	"2,049"	"2,049"	"2,029"	"2,038"	"392,682"
2016-09-12	"2,004"	"2,011"	"1,991"	"1,991"	"422,882"
2016-09-13	"2,012"	"2,013"	"1,998"	"1,999"	"437,424"
2016-09-19	"1,997"	"2,019"	"1,997"	"2,016"	"434,438"
2016-09-20	"2,015"	"2,027"	"2,010"	"2,026"	"362,345"
2016-09-21	"2,023"	"2,036"	"2,022"	"2,036"	"525,096"
2016-09-22	"2,050"	"2,060"	"2,049"	"2,050"	"447,589"
2016-09-23	"2,053"	"2,057"	"2,049"	"2,054"	"494,112"
2016-09-26	"2,053"	"2,061"	"2,043"	"2,047"	"359,615"
2016-09-27	"2,037"	"2,065"	"2,031"	"2,063"	"664,040"
2016-09-28	"2,063"	"2,063"	"2,052"	"2,053"	"546,450"
2016-09-29	"2,064"	"2,072"	"2,064"	"2,069"	"416,168"
2016-09-30	"2,054"	"2,056"	"2,043"	"2,044"	"326,386"
2016-10-04	"2,057"	"2,059"	"2,050"	"2,055"	"318,854"
2016-10-05	"2,043"	"2,056"	"2,037"	"2,053"	"292,345"
2016-10-06	"2,069"	"2,070"	"2,056"	"2,065"	"337,709"
2016-10-07	"2,066"	"2,067"	"2,052"	"2,054"	"422,446"
2016-10-10	"2,047"	"2,059"	"2,040"	"2,057"	"314,895"
2016-10-11	"2,053"	"2,061"	"2,031"	"2,032"	"343,215"
2016-10-12	"2,023"	"2,037"	"2,022"	"2,034"	"297,373"
2016-10-13	"2,034"	"2,036"	"2,015"	"2,015"	"440,255"
2016-10-14	"2,022"	"2,029"	"2,021"	"2,023"	"458,904"
2016-10-17	"2,029"	"2,034"	"2,012"	"2,028"	"333,402"
2016-10-18	"2,028"	"2,041"	"2,026"	"2,040"	"305,931"
2016-10-19	"2,036"	"2,051"	"2,036"	"2,041"	"321,940"
2016-10-20	"2,044"	"2,048"	"2,037"	"2,041"	"276,001"
2016-10-21	"2,039"	"2,040"	"2,030"	"2,033"	"260,354"
2016-10-24	"2,037"	"2,048"	"2,037"	"2,048"	"252,041"
2016-10-25	"2,042"	"2,043"	"2,031"	"2,037"	"299,101"
2016-10-26	"2,030"	"2,030"	"2,002"	"2,014"	"392,402"
2016-10-27	"2,018"	"2,026"	"2,016"	"2,024"	"298,690"
2016-10-28	"2,022"	"2,027"	"2,016"	"2,019"	"270,531"
2016-10-31	"2,011"	"2,016"	"2,006"	"2,008"	"400,664"
2016-11-01	"2,003"	"2,011"	"1,990"	"2,007"	"321,774"
2016-11-02	"1,995"	"1,997"	"1,976"	"1,979"	"333,529"
2016-11-03	"1,975"	"1,989"	"1,974"	"1,984"	"272,728"
2016-11-04	"1,984"	"1,985"	"1,977"	"1,982"	"227,776"
2016-11-07	"1,998"	"2,002"	"1,992"	"1,998"	"210,333"
2016-11-08	"2,010"	"2,010"	"1,994"	"2,003"	"239,579"
2016-11-09	"2,008"	"2,015"	"1,931"	"1,958"	"709,043"
2016-11-10	"1,990"	"2,003"	"1,983"	"2,003"	"433,884"
2016-11-11	"1,989"	"1,994"	"1,982"	"1,984"	"386,856"
2016-11-14	"1,983"	"1,989"	"1,974"	"1,974"	"352,116"
2016-11-15	"1,977"	"1,979"	"1,967"	"1,968"	"375,663"
2016-11-16	"1,981"	"1,986"	"1,977"	"1,980"	"306,499"
2016-11-17	"1,976"	"1,984"	"1,969"	"1,981"	"272,172"
2016-11-18	"1,983"	"1,983"	"1,968"	"1,975"	"306,956"
2016-11-21	"1,971"	"1,976"	"1,962"	"1,966"	"223,512"
2016-11-22	"1,976"	"1,987"	"1,974"	"1,983"	"231,368"
2016-11-23	"1,988"	"1,997"	"1,981"	"1,988"	"308,200"
2016-11-24	"1,985"	"1,989"	"1,969"	"1,971"	"235,443"
2016-11-25	"1,973"	"1,978"	"1,969"	"1,974"	"201,938"
2016-11-28	"1,977"	"1,983"	"1,967"	"1,978"	"213,578"
2016-11-29	"1,977"	"1,983"	"1,972"	"1,978"	"214,565"
2016-11-30	"1,980"	"1,988"	"1,977"	"1,983"	"233,085"
2016-12-01	"1,987"	"1,989"	"1,980"	"1,984"	"217,875"
2016-12-02	"1,980"	"1,982"	"1,966"	"1,971"	"243,181"
2016-12-05	"1,966"	"1,971"	"1,961"	"1,963"	"237,190"
2016-12-06	"1,977"	"1,993"	"1,977"	"1,990"	"214,649"
2016-12-07	"1,996"	"1,998"	"1,987"	"1,992"	"204,410"
2016-12-08	"2,008"	"2,031"	"2,008"	"2,031"	"239,428"
2016-12-09	"2,025"	"2,027"	"2,020"	"2,025"	"225,657"
2016-12-12	"2,032"	"2,032"	"2,021"	"2,027"	"289,804"
2016-12-13	"2,026"	"2,036"	"2,024"	"2,036"	"383,364"
2016-12-14	"2,043"	"2,044"	"2,031"	"2,037"	"384,033"
2016-12-15	"2,022"	"2,041"	"2,022"	"2,037"	"300,190"
2016-12-16	"2,037"	"2,044"	"2,033"	"2,042"	"289,708"
2016-12-19	"2,039"	"2,046"	"2,037"	"2,038"	"249,870"
2016-12-20	"2,045"	"2,047"	"2,041"	"2,042"	"314,221"
2016-12-21	"2,049"	"2,053"	"2,038"	"2,038"	"284,570"
2016-12-22	"2,042"	"2,043"	"2,034"	"2,036"	"275,096"
2016-12-23	"2,036"	"2,038"	"2,032"	"2,036"	"310,882"
2016-12-26	"2,038"	"2,040"	"2,035"	"2,038"	"366,636"
2016-12-27	"2,041"	"2,044"	"2,037"	"2,042"	"384,033"
2016-12-28	"2,022"	"2,030"	"2,021"	"2,024"	"356,590"
2016-12-29	"2,020"	"2,027"	"2,016"	"2,026"	"264,521"
2017-01-02	"2,022"	"2,032"	"2,016"	"2,026"	"229,874"
2017-01-03	"2,034"	"2,044"	"2,028"	"2,044"	"268,127"
2017-01-04	"2,046"	"2,046"	"2,041"	"2,046"	"371,488"
2017-01-05	"2,046"	"2,047"	"2,039"	"2,042"	"541,343"
2017-01-06	"2,048"	"2,052"	"2,046"	"2,049"	"455,350"
2017-01-09	"2,053"	"2,053"	"2,046"	"2,049"	"398,291"
2017-01-10	"2,043"	"2,047"	"2,040"	"2,045"	"512,663"
2017-01-11	"2,048"	"2,080"	"2,048"	"2,075"	"335,531"
2017-01-12	"2,078"	"2,087"	"2,074"	"2,087"	"555,841"
2017-01-13	"2,077"	"2,081"	"2,073"	"2,077"	"518,284"
2017-01-16	"2,077"	"2,080"	"2,059"	"2,064"	"683,931"
2017-01-17	"2,068"	"2,079"	"2,066"	"2,072"	"601,435"
2017-01-18	"2,074"	"2,075"	"2,058"	"2,071"	"530,133"
2017-01-19	"2,086"	"2,091"	"2,065"	"2,073"	"415,668"
2017-01-20	"2,066"	"2,072"	"2,064"	"2,066"	"392,647"
2017-01-23	"2,068"	"2,074"	"2,059"	"2,066"	"444,862"
2017-01-24	"2,070"	"2,073"	"2,059"	"2,066"	"312,411"
2017-01-25	"2,075"	"2,078"	"2,063"	"2,067"	"311,770"
2017-01-26	"2,075"	"2,089"	"2,069"	"2,084"	"257,921"
2017-01-31	"2,078"	"2,080"	"2,068"	"2,068"	"288,275"
2017-02-01	"2,075"	"2,083"	"2,074"	"2,080"	"452,528"
2017-02-02	"2,080"	"2,092"	"2,068"	"2,071"	"825,477"
2017-02-03	"2,076"	"2,080"	"2,064"	"2,073"	"392,584"
2017-02-06	"2,086"	"2,088"	"2,073"	"2,078"	"315,315"
2017-02-07	"2,078"	"2,079"	"2,071"	"2,075"	"271,809"
2017-02-08	"2,073"	"2,073"	"2,052"	"2,065"	"266,722"
2017-02-09	"2,067"	"2,073"	"2,062"	"2,066"	"236,008"
2017-02-10	"2,076"	"2,081"	"2,072"	"2,075"	"314,676"
2017-02-13	"2,075"	"2,079"	"2,070"	"2,079"	"289,684"
2017-02-14	"2,079"	"2,082"	"2,068"	"2,075"	"332,365"
2017-02-15	"2,074"	"2,088"	"2,070"	"2,084"	"338,044"
2017-02-16	"2,088"	"2,093"	"2,078"	"2,082"	"330,466"
2017-02-17	"2,073"	"2,081"	"2,073"	"2,081"	"301,517"
2017-02-20	"2,084"	"2,086"	"2,077"	"2,084"	"297,203"
2017-02-21	"2,086"	"2,108"	"2,085"	"2,103"	"292,539"
2017-02-22	"2,106"	"2,109"	"2,102"	"2,107"	"312,219"
2017-02-23	"2,106"	"2,109"	"2,103"	"2,108"	"430,850"
2017-02-24	"2,106"	"2,108"	"2,090"	"2,094"	"385,394"
2017-02-27	"2,095"	"2,097"	"2,084"	"2,086"	"343,702"
2017-02-28	"2,087"	"2,094"	"2,084"	"2,092"	"399,821"
2017-03-02	"2,105"	"2,113"	"2,096"	"2,103"	"434,713"
2017-03-03	"2,091"	"2,092"	"2,072"	"2,079"	"425,935"
2017-03-06	"2,073"	"2,084"	"2,068"	"2,081"	"431,445"
2017-03-07	"2,081"	"2,097"	"2,079"	"2,094"	"277,830"
2017-03-08	"2,092"	"2,102"	"2,088"	"2,095"	"381,441"
2017-03-09	"2,098"	"2,100"	"2,091"	"2,091"	"408,229"
2017-03-10	"2,089"	"2,102"	"2,082"	"2,097"	"500,860"
2017-03-13	"2,102"	"2,123"	"2,101"	"2,118"	"382,129"
2017-03-14	"2,127"	"2,136"	"2,124"	"2,134"	"365,074"
2017-03-15	"2,128"	"2,135"	"2,127"	"2,133"	"374,699"
2017-03-16	"2,155"	"2,157"	"2,143"	"2,150"	"402,424"
2017-03-17	"2,150"	"2,165"	"2,149"	"2,165"	"302,788"
2017-03-20	"2,160"	"2,161"	"2,152"	"2,157"	"264,946"
2017-03-21	"2,163"	"2,182"	"2,160"	"2,178"	"303,940"
2017-03-22	"2,160"	"2,170"	"2,159"	"2,168"	"394,425"
2017-03-23	"2,174"	"2,182"	"2,171"	"2,173"	"358,607"
2017-03-24	"2,171"	"2,179"	"2,163"	"2,169"	"358,673"
2017-03-27	"2,161"	"2,165"	"2,153"	"2,156"	"395,862"
2017-03-28	"2,167"	"2,169"	"2,158"	"2,163"	"393,970"
2017-03-29	"2,172"	"2,172"	"2,162"	"2,167"	"626,792"
2017-03-30	"2,170"	"2,174"	"2,159"	"2,165"	"643,563"
2017-03-31	"2,167"	"2,167"	"2,160"	"2,160"	"441,640"
2017-04-03	"2,166"	"2,171"	"2,161"	"2,168"	"398,513"
2017-04-04	"2,165"	"2,167"	"2,157"	"2,161"	"522,093"
2017-04-05	"2,162"	"2,165"	"2,147"	"2,161"	"571,691"
2017-04-06	"2,153"	"2,154"	"2,143"	"2,153"	"510,164"
2017-04-07	"2,155"	"2,156"	"2,143"	"2,152"	"408,456"
2017-04-10	"2,149"	"2,149"	"2,128"	"2,133"	"512,916"
2017-04-11	"2,129"	"2,137"	"2,118"	"2,124"	"489,309"
2017-04-12	"2,128"	"2,130"	"2,123"	"2,129"	"427,358"
2017-04-13	"2,131"	"2,149"	"2,126"	"2,149"	"357,582"
2017-04-14	"2,138"	"2,142"	"2,128"	"2,135"	"383,688"
2017-04-17	"2,141"	"2,151"	"2,139"	"2,146"	"259,303"
2017-04-18	"2,155"	"2,155"	"2,139"	"2,148"	"291,399"
2017-04-19	"2,145"	"2,148"	"2,134"	"2,138"	"344,221"
2017-04-20	"2,138"	"2,150"	"2,134"	"2,149"	"268,315"
2017-04-21	"2,161"	"2,169"	"2,157"	"2,165"	"281,540"
2017-04-24	"2,176"	"2,178"	"2,167"	"2,174"	"374,713"
2017-04-25	"2,176"	"2,197"	"2,174"	"2,197"	"275,897"
2017-04-26	"2,202"	"2,211"	"2,201"	"2,208"	"397,525"
2017-04-27	"2,202"	"2,212"	"2,200"	"2,209"	"386,106"
2017-04-28	"2,214"	"2,217"	"2,202"	"2,205"	"268,642"
2017-05-02	"2,214"	"2,230"	"2,213"	"2,220"	"295,139"
2017-05-04	"2,225"	"2,241"	"2,225"	"2,241"	"261,918"
2017-05-08	"2,246"	"2,293"	"2,244"	"2,293"	"281,761"
2017-05-10	"2,294"	"2,323"	"2,264"	"2,270"	"422,888"
2017-05-11	"2,278"	"2,298"	"2,272"	"2,296"	"463,460"
2017-05-12	"2,296"	"2,297"	"2,283"	"2,286"	"335,337"
2017-05-15	"2,288"	"2,297"	"2,281"	"2,291"	"251,594"
2017-05-16	"2,307"	"2,309"	"2,284"	"2,295"	"368,138"
2017-05-17	"2,292"	"2,296"	"2,283"	"2,293"	"394,821"
2017-05-18	"2,271"	"2,289"	"2,267"	"2,287"	"378,315"
2017-05-19	"2,287"	"2,294"	"2,282"	"2,288"	"421,133"
2017-05-22	"2,301"	"2,305"	"2,293"	"2,304"	"340,061"
2017-05-23	"2,309"	"2,327"	"2,303"	"2,312"	"341,085"
2017-05-24	"2,319"	"2,323"	"2,313"	"2,317"	"409,559"
2017-05-25	"2,325"	"2,344"	"2,321"	"2,343"	"369,280"
2017-05-26	"2,344"	"2,365"	"2,342"	"2,355"	"312,902"
2017-05-29	"2,363"	"2,372"	"2,344"	"2,353"	"316,177"
2017-05-30	"2,357"	"2,359"	"2,332"	"2,344"	"508,844"
2017-05-31	"2,339"	"2,355"	"2,338"	"2,347"	"555,939"
2017-06-01	"2,348"	"2,351"	"2,336"	"2,345"	"336,690"
2017-06-02	"2,354"	"2,373"	"2,353"	"2,372"	"399,499"
2017-06-05	"2,377"	"2,377"	"2,364"	"2,369"	"326,411"
2017-06-07	"2,365"	"2,369"	"2,357"	"2,360"	"376,207"
2017-06-08	"2,362"	"2,366"	"2,348"	"2,364"	"417,080"
2017-06-09	"2,371"	"2,385"	"2,368"	"2,382"	"520,558"
2017-06-12	"2,371"	"2,375"	"2,353"	"2,358"	"327,233"
2017-06-13	"2,359"	"2,376"	"2,359"	"2,375"	"322,081"
2017-06-14	"2,385"	"2,387"	"2,367"	"2,373"	"392,997"
2017-06-15	"2,373"	"2,378"	"2,350"	"2,362"	"334,886"
2017-06-16	"2,364"	"2,365"	"2,355"	"2,362"	"329,179"
2017-06-19	"2,364"	"2,377"	"2,357"	"2,371"	"290,944"
2017-06-20	"2,383"	"2,383"	"2,365"	"2,369"	"360,733"
2017-06-21	"2,358"	"2,360"	"2,346"	"2,358"	"360,344"
2017-06-22	"2,364"	"2,370"	"2,354"	"2,370"	"299,232"
2017-06-23	"2,372"	"2,381"	"2,369"	"2,379"	"256,259"
2017-06-26	"2,381"	"2,391"	"2,378"	"2,389"	"325,674"
2017-06-27	"2,387"	"2,397"	"2,383"	"2,392"	"358,034"
2017-06-28	"2,383"	"2,391"	"2,381"	"2,383"	"361,176"
2017-06-29	"2,397"	"2,403"	"2,394"	"2,396"	"445,131"
2017-06-30	"2,382"	"2,392"	"2,381"	"2,392"	"343,529"
2017-07-03	"2,398"	"2,400"	"2,385"	"2,394"	"310,991"
2017-07-04	"2,395"	"2,398"	"2,376"	"2,381"	"411,776"
2017-07-05	"2,377"	"2,390"	"2,376"	"2,388"	"333,721"
2017-07-06	"2,390"	"2,393"	"2,381"	"2,388"	"301,472"
2017-07-07	"2,376"	"2,385"	"2,373"	"2,380"	"314,370"
2017-07-10	"2,386"	"2,390"	"2,378"	"2,382"	"296,262"
2017-07-11	"2,386"	"2,396"	"2,383"	"2,396"	"284,462"
2017-07-12	"2,395"	"2,399"	"2,390"	"2,392"	"268,926"
2017-07-13	"2,406"	"2,422"	"2,403"	"2,409"	"289,260"
2017-07-14	"2,418"	"2,421"	"2,411"	"2,415"	"258,765"
2017-07-17	"2,428"	"2,430"	"2,420"	"2,425"	"254,205"
2017-07-18	"2,425"	"2,426"	"2,419"	"2,426"	"260,661"
2017-07-19	"2,430"	"2,430"	"2,420"	"2,430"	"270,965"
2017-07-20	"2,436"	"2,444"	"2,428"	"2,442"	"251,916"
2017-07-21	"2,439"	"2,452"	"2,438"	"2,450"	"250,131"
2017-07-24	"2,451"	"2,452"	"2,444"	"2,452"	"233,407"
2017-07-25	"2,451"	"2,453"	"2,437"	"2,440"	"275,199"
2017-07-26	"2,447"	"2,447"	"2,430"	"2,435"	"336,108"
2017-07-27	"2,443"	"2,448"	"2,435"	"2,443"	"426,497"
2017-07-28	"2,433"	"2,434"	"2,399"	"2,401"	"318,651"
2017-07-31	"2,392"	"2,404"	"2,388"	"2,403"	"277,570"
2017-08-01	"2,397"	"2,433"	"2,394"	"2,423"	"264,036"
2017-08-02	"2,432"	"2,434"	"2,424"	"2,428"	"261,569"
2017-08-03	"2,423"	"2,424"	"2,374"	"2,387"	"303,575"
2017-08-04	"2,390"	"2,400"	"2,383"	"2,395"	"273,565"
2017-08-07	"2,403"	"2,412"	"2,396"	"2,399"	"244,123"
2017-08-08	"2,405"	"2,410"	"2,384"	"2,395"	"252,853"
2017-08-09	"2,380"	"2,388"	"2,366"	"2,368"	"234,073"
2017-08-10	"2,361"	"2,372"	"2,339"	"2,359"	"283,873"
2017-08-11	"2,323"	"2,335"	"2,310"	"2,320"	"318,581"
2017-08-14	"2,336"	"2,342"	"2,328"	"2,334"	"214,025"
2017-08-16	"2,356"	"2,358"	"2,344"	"2,348"	"270,520"
2017-08-17	"2,352"	"2,365"	"2,347"	"2,362"	"255,766"
2017-08-18	"2,340"	"2,362"	"2,340"	"2,358"	"201,479"
2017-08-21	"2,363"	"2,363"	"2,352"	"2,355"	"207,225"
2017-08-22	"2,360"	"2,369"	"2,360"	"2,365"	"251,864"
2017-08-23	"2,377"	"2,380"	"2,361"	"2,366"	"228,615"
2017-08-24	"2,370"	"2,383"	"2,368"	"2,376"	"295,530"
2017-08-25	"2,381"	"2,385"	"2,373"	"2,379"	"341,960"
2017-08-28	"2,376"	"2,383"	"2,366"	"2,370"	"226,868"
2017-08-29	"2,356"	"2,365"	"2,333"	"2,365"	"223,089"
2017-08-30	"2,368"	"2,372"	"2,363"	"2,372"	"305,636"
2017-08-31	"2,374"	"2,377"	"2,355"	"2,363"	"265,050"
2017-09-01	"2,367"	"2,370"	"2,351"	"2,358"	"280,059"
2017-09-04	"2,317"	"2,345"	"2,317"	"2,330"	"248,494"
2017-09-05	"2,341"	"2,341"	"2,320"	"2,327"	"320,428"
2017-09-06	"2,325"	"2,326"	"2,314"	"2,320"	"252,681"
2017-09-07	"2,329"	"2,350"	"2,329"	"2,346"	"277,036"
2017-09-08	"2,350"	"2,352"	"2,341"	"2,344"	"214,592"
2017-09-11	"2,355"	"2,370"	"2,354"	"2,359"	"243,612"
2017-09-12	"2,372"	"2,372"	"2,359"	"2,365"	"333,573"
2017-09-13	"2,371"	"2,374"	"2,360"	"2,360"	"318,871"
2017-09-14	"2,366"	"2,378"	"2,358"	"2,378"	"314,262"
2017-09-15	"2,368"	"2,386"	"2,365"	"2,386"	"298,738"
2017-09-18	"2,391"	"2,418"	"2,390"	"2,418"	"273,477"
2017-09-19	"2,419"	"2,422"	"2,412"	"2,416"	"254,585"
2017-09-20	"2,421"	"2,429"	"2,406"	"2,412"	"303,285"
2017-09-21	"2,412"	"2,415"	"2,402"	"2,407"	"335,339"
2017-09-22	"2,404"	"2,409"	"2,382"	"2,389"	"333,616"
2017-09-25	"2,389"	"2,392"	"2,375"	"2,380"	"339,345"
2017-09-26	"2,372"	"2,381"	"2,365"	"2,374"	"319,124"
2017-09-27	"2,377"	"2,377"	"2,369"	"2,373"	"202,618"
2017-09-28	"2,374"	"2,380"	"2,366"	"2,373"	"194,772"
2017-09-29	"2,379"	"2,394"	"2,379"	"2,394"	"184,191"
2017-10-10	"2,426"	"2,443"	"2,421"	"2,434"	"221,744"
2017-10-11	"2,442"	"2,458"	"2,440"	"2,458"	"201,771"
2017-10-12	"2,462"	"2,475"	"2,459"	"2,475"	"256,211"
2017-10-13	"2,474"	"2,480"	"2,468"	"2,474"	"234,800"
2017-10-16	"2,483"	"2,488"	"2,470"	"2,480"	"224,414"
2017-10-17	"2,485"	"2,488"	"2,479"	"2,484"	"199,049"
2017-10-18	"2,482"	"2,491"	"2,476"	"2,483"	"244,245"
2017-10-19	"2,486"	"2,491"	"2,469"	"2,473"	"236,625"
2017-10-20	"2,477"	"2,490"	"2,477"	"2,490"	"313,210"
2017-10-23	"2,498"	"2,500"	"2,485"	"2,490"	"274,201"
2017-10-24	"2,489"	"2,497"	"2,487"	"2,490"	"232,007"
2017-10-25	"2,496"	"2,497"	"2,481"	"2,493"	"599,434"
2017-10-26	"2,490"	"2,496"	"2,481"	"2,481"	"646,882"
2017-10-27	"2,485"	"2,499"	"2,480"	"2,497"	"511,225"
2017-10-30	"2,514"	"2,514"	"2,497"	"2,502"	"342,006"
2017-10-31	"2,500"	"2,528"	"2,498"	"2,523"	"313,787"
2017-11-01	"2,536"	"2,556"	"2,536"	"2,556"	"361,796"
2017-11-02	"2,560"	"2,562"	"2,542"	"2,546"	"527,727"
2017-11-03	"2,558"	"2,558"	"2,540"	"2,558"	"292,766"
2017-11-06	"2,557"	"2,560"	"2,530"	"2,549"	"221,187"
2017-11-07	"2,548"	"2,554"	"2,541"	"2,545"	"253,921"
2017-11-08	"2,534"	"2,559"	"2,534"	"2,552"	"277,039"
2017-11-09	"2,560"	"2,560"	"2,537"	"2,551"	"293,539"
2017-11-10	"2,541"	"2,548"	"2,535"	"2,543"	"291,525"
2017-11-13	"2,548"	"2,552"	"2,527"	"2,530"	"266,530"
2017-11-14	"2,533"	"2,533"	"2,521"	"2,527"	"287,771"
2017-11-15	"2,526"	"2,527"	"2,512"	"2,518"	"398,215"
2017-11-16	"2,522"	"2,538"	"2,515"	"2,535"	"302,931"
2017-11-17	"2,546"	"2,559"	"2,534"	"2,534"	"362,192"
2017-11-20	"2,537"	"2,543"	"2,524"	"2,528"	"404,259"
2017-11-21	"2,534"	"2,540"	"2,526"	"2,531"	"484,887"
2017-11-22	"2,547"	"2,553"	"2,535"	"2,541"	"485,670"
2017-11-23	"2,542"	"2,545"	"2,532"	"2,537"	"391,292"
2017-11-24	"2,540"	"2,544"	"2,534"	"2,544"	"297,938"
2017-11-27	"2,545"	"2,547"	"2,507"	"2,508"	"284,887"
2017-11-28	"2,513"	"2,521"	"2,501"	"2,514"	"348,243"
2017-11-29	"2,517"	"2,524"	"2,509"	"2,513"	"301,208"
2017-11-30	"2,502"	"2,506"	"2,474"	"2,476"	"339,022"
2017-12-01	"2,489"	"2,489"	"2,473"	"2,475"	"288,567"
2017-12-04	"2,487"	"2,502"	"2,476"	"2,502"	"323,846"
2017-12-05	"2,491"	"2,514"	"2,487"	"2,510"	"395,429"
2017-12-06	"2,510"	"2,510"	"2,474"	"2,474"	"507,624"
2017-12-07	"2,480"	"2,481"	"2,452"	"2,462"	"404,853"
2017-12-08	"2,470"	"2,473"	"2,459"	"2,464"	"406,381"
2017-12-11	"2,468"	"2,472"	"2,458"	"2,471"	"240,137"
2017-12-12	"2,471"	"2,471"	"2,455"	"2,461"	"281,191"
2017-12-13	"2,462"	"2,482"	"2,458"	"2,481"	"254,953"
2017-12-14	"2,487"	"2,515"	"2,469"	"2,469"	"317,786"
2017-12-15	"2,488"	"2,495"	"2,476"	"2,482"	"340,758"
2017-12-18	"2,489"	"2,489"	"2,477"	"2,482"	"324,358"
2017-12-19	"2,488"	"2,499"	"2,470"	"2,479"	"308,390"
2017-12-20	"2,474"	"2,485"	"2,471"	"2,472"	"236,176"
2017-12-21	"2,471"	"2,472"	"2,430"	"2,430"	"247,330"
2017-12-22	"2,438"	"2,445"	"2,427"	"2,441"	"230,412"
2017-12-26	"2,448"	"2,457"	"2,427"	"2,427"	"224,640"
2017-12-27	"2,421"	"2,437"	"2,411"	"2,437"	"194,850"
2017-12-28	"2,439"	"2,468"	"2,437"	"2,467"	"220,336"
2018-01-02	"2,475"	"2,481"	"2,466"	"2,480"	"262,205"
2018-01-03	"2,485"	"2,493"	"2,482"	"2,486"	"331,094"
2018-01-04	"2,503"	"2,503"	"2,466"	"2,466"	"333,836"
2018-01-05	"2,477"	"2,498"	"2,476"	"2,498"	"308,769"
2018-01-08	"2,511"	"2,515"	"2,494"	"2,513"	"311,429"
2018-01-09	"2,511"	"2,525"	"2,498"	"2,510"	"374,322"
2018-01-10	"2,516"	"2,517"	"2,494"	"2,500"	"444,022"
2018-01-11	"2,497"	"2,503"	"2,484"	"2,488"	"444,340"
2018-01-12	"2,500"	"2,501"	"2,482"	"2,496"	"438,775"
2018-01-15	"2,511"	"2,513"	"2,496"	"2,504"	"404,550"
2018-01-16	"2,504"	"2,525"	"2,499"	"2,522"	"341,606"
2018-01-17	"2,517"	"2,522"	"2,506"	"2,515"	"336,712"
2018-01-18	"2,528"	"2,532"	"2,513"	"2,516"	"333,112"
2018-01-19	"2,520"	"2,524"	"2,513"	"2,520"	"351,845"
2018-01-22	"2,517"	"2,517"	"2,488"	"2,502"	"342,994"
2018-01-23	"2,510"	"2,537"	"2,508"	"2,537"	"370,007"
2018-01-24	"2,534"	"2,547"	"2,531"	"2,538"	"371,087"
2018-01-25	"2,537"	"2,564"	"2,537"	"2,562"	"514,605"
2018-01-26	"2,561"	"2,575"	"2,554"	"2,575"	"400,648"
2018-01-29	"2,589"	"2,607"	"2,588"	"2,598"	"437,474"
2018-01-30	"2,590"	"2,599"	"2,567"	"2,568"	"397,038"
2018-01-31	"2,557"	"2,597"	"2,553"	"2,566"	"403,051"
2018-02-01	"2,579"	"2,584"	"2,565"	"2,569"	"595,147"
2018-02-02	"2,566"	"2,566"	"2,520"	"2,525"	"481,817"
2018-02-05	"2,487"	"2,504"	"2,476"	"2,492"	"442,349"
2018-02-06	"2,437"	"2,460"	"2,409"	"2,453"	"582,836"
2018-02-07	"2,484"	"2,484"	"2,397"	"2,397"	"460,075"
2018-02-08	"2,400"	"2,424"	"2,393"	"2,408"	"362,415"
2018-02-09	"2,347"	"2,373"	"2,347"	"2,364"	"489,112"
2018-02-12	"2,380"	"2,398"	"2,367"	"2,385"	"352,288"
2018-02-13	"2,403"	"2,422"	"2,389"	"2,395"	"423,415"
2018-02-14	"2,412"	"2,427"	"2,408"	"2,422"	"305,739"
2018-02-19	"2,453"	"2,455"	"2,428"	"2,443"	"322,137"
2018-02-20	"2,433"	"2,438"	"2,411"	"2,415"	"421,485"
2018-02-21	"2,418"	"2,432"	"2,404"	"2,430"	"432,275"
2018-02-22	"2,417"	"2,423"	"2,405"	"2,414"	"349,492"
2018-02-23	"2,427"	"2,452"	"2,427"	"2,452"	"300,578"
2018-02-26	"2,465"	"2,466"	"2,448"	"2,458"	"321,259"
2018-02-27	"2,474"	"2,481"	"2,456"	"2,456"	"271,231"
2018-02-28	"2,447"	"2,460"	"2,426"	"2,427"	"367,556"
2018-03-02	"2,407"	"2,410"	"2,387"	"2,402"	"320,397"
2018-03-05	"2,406"	"2,408"	"2,375"	"2,375"	"312,254"
2018-03-06	"2,401"	"2,413"	"2,393"	"2,411"	"400,110"
2018-03-07	"2,413"	"2,429"	"2,395"	"2,402"	"412,971"
2018-03-08	"2,421"	"2,433"	"2,408"	"2,433"	"394,848"
2018-03-09	"2,443"	"2,476"	"2,436"	"2,459"	"437,265"
2018-03-12	"2,486"	"2,489"	"2,475"	"2,484"	"391,303"
2018-03-13	"2,483"	"2,494"	"2,479"	"2,494"	"350,203"
2018-03-14	"2,477"	"2,487"	"2,475"	"2,486"	"360,865"
2018-03-15	"2,486"	"2,497"	"2,471"	"2,492"	"344,009"
2018-03-16	"2,495"	"2,498"	"2,477"	"2,494"	"377,766"
2018-03-19	"2,492"	"2,494"	"2,471"	"2,475"	"477,219"
2018-03-20	"2,457"	"2,486"	"2,457"	"2,486"	"291,495"
2018-03-21	"2,488"	"2,493"	"2,484"	"2,485"	"399,073"
2018-03-22	"2,495"	"2,509"	"2,485"	"2,496"	"482,138"
2018-03-23	"2,447"	"2,450"	"2,413"	"2,417"	"457,952"
2018-03-26	"2,415"	"2,437"	"2,399"	"2,437"	"306,904"
2018-03-27	"2,455"	"2,457"	"2,445"	"2,452"	"332,128"
2018-03-28	"2,426"	"2,431"	"2,409"	"2,419"	"501,307"
2018-03-29	"2,422"	"2,439"	"2,414"	"2,436"	"333,359"
2018-03-30	"2,454"	"2,458"	"2,446"	"2,446"	"395,329"
2018-04-02	"2,455"	"2,468"	"2,441"	"2,444"	"390,319"
2018-04-03	"2,422"	"2,442"	"2,416"	"2,442"	"497,140"
2018-04-04	"2,448"	"2,448"	"2,406"	"2,408"	"551,703"
2018-04-05	"2,427"	"2,447"	"2,421"	"2,438"	"591,042"
2018-04-06	"2,421"	"2,434"	"2,417"	"2,430"	"454,309"
2018-04-09	"2,424"	"2,446"	"2,424"	"2,444"	"334,424"
2018-04-10	"2,440"	"2,454"	"2,420"	"2,451"	"356,390"
2018-04-11	"2,457"	"2,459"	"2,441"	"2,444"	"355,187"
2018-04-12	"2,451"	"2,455"	"2,442"	"2,443"	"441,568"
2018-04-13	"2,449"	"2,458"	"2,442"	"2,455"	"395,886"
					
					
					
					
					
					
					
					
					
					
					
					
					
					
					
					
					
					
					
					
					
					
					
					
					
					
					
					
					
					
					
					
					
					
					
					
					
					
					
					
					
					
					
					
					
					
					
					
					
					
					
					
					
					
					
					
					
					
					
					
					
					
					
					
					
					
					
					
					
					
					
					
					
					
					
					
					
					
					
					
					
					
					
					
					
					
					
					
					
					
					
					
					
					
					
					
					
					
					
					
					
					
					
					
					
					
					
					
					
					
					
					
					
					
					
					
					
					
					
					
					
					
					
					
					
					
					
					
					
					
					
					
					
					
					
					
					
					
					
					
					
					
					
					
					
					
					
					
					
					
					
					
					
					
					
					
					
					
					
					
					
					
					
					
					
					
					
					
					
					
					
					
					
					
					
					
					
					
					
					
					
					
					
					
					
					
					
					
					
					
					
					
					
					
					
					
					
					
					
					
					
					
					
					
					
					
					
					
					
					
					
					
					
					
					
					
					
					
					
					
					
					
					
					
					
					
					
					
					
					
					
					
					
					
					
					
					
					
					
					
					
					
					
					
					
					
					
					
					
					
					
					
					
					
					
					
					
					
					
					
					
					
					
					
					
					
					
					
					
					
					
					
					
					
					
					
					
					
					
					
					
					
					
					
					
					
					
					
					
					
					
					
					
					
					
					
					
					
					
					
					
					
					
					
					
					
					
					
					
					
					
					
					
					
					
					
					
					
					
					
					
					
					
					
					
					
					
					
					
					
					
					
					
					
					
					
					
					
					
					
					
					
					
					
					
					
					
					
					
					
					
					
					
					
					
					
					
					
					
					
					
					
					
					
					
					
					
					
					
					
					
					
					
					
					
					
					
					
					
					
					
					
					
					
					
					
					
					
					
					
					
					
					
					
					
					
					
					
					
					
					
					
					
					
					
					
					
					
					
					
					
					
					
					
					
					
					
					
					
					
					
					
					
					
					
					
					
					
					
					
					
					
					
					
					
					
					
					
					
					
					
					
					
					
					
					
					
					
					
					
					
					
					
					
					
					
					
					
					
					
					
					
					
					
					
					
					
					
					
					
					
					
					
					
					
					
					
					
					
					
					
					
					
					
					
					
					
					
					
					
					
					
					
					
					
					
					
					
					
					
					
					
					
					
					
					
					
					
					
					
					
					
					
					
					
					
					
					
					
					
					
					
					
					
					
					
					
					
					
					
					
					
					
					
					
					
					
					
					
					
					
					
					
					
					
					
					
					
					
					
					
					
					
					
					
					
					
					
					
					
					
					
					
					
					
					
					
					
					
					
					
					
					
					
					
					
					
					
					
					
					
					
					
					
					
					
					
					
					
					
					
					
					
					
					
					
					
					
					
					
					
					
					
					
					
					
					
					
					
					
					
					
					
					
					
					
					
					
					
					
					
					
					
					
					
					
					
					
					
					
					
					
					
					
					
					
					
					
					
					
					
					
					
					
					
					
					
					
					
					
					
					
					
					
					
					
					
					
					
					
					
					
					
					
					
					
					
					
					
					
					
					
					
					
					
					
					
					
					
					
					
					
					
					
					
					
					
					
					
					
					
					
					
					
					
					
					
					
					
					
					
					
					
					
					
					
					
					
					
					
					
					
					
					
					
					
					
					
					
					
					
					
					
					
					
					
					
					
					
					
					
					
					
					
					
					
					
					
					
					
					
					
					
					
					
					
					
					
					
					
					
					
					
					
					
					
					
					
					
					
					
					
					
					
					
					
					
					
					
					
					
					
					
					
					
					
					
					
					
					
					
					
					
					
					
					
					
					
					
					
					
					
					
					
					
					
					
					
					
					
					
					
					
					
					
					
					
					
					
					
					
					
					
					
					
					
					
					
					
					
					
					
					
					
					
					
					
					
					
					
					
					
					
					
					
					
					
					
					
					
					
					
					
					
					
					
					
					
					
					
					
					
					
					
					
					
					
					
					
					
					
					
					
					
					
					
					
					
					
					
					
					
					
					
					
					
					
					
					
					
					
					
					
					
					
					
					
					
					
					
					
					
					
					
					
					
					
					
					
					
					
					
					
					
					
					
					
					
					
					
					
					
					
					
					
					
					
					
					
					
					
					
					
					
					
					
					
					
					
					
					
					
					
					
					
					
					
					
					
					
					
					
					
					
					
					
					
					
					
					
					
					
					
					
					
					
					
					
					
					
					
					
					
					
					
					
					
					
					
					
					
					
					
					
					
					
					
					
					
					
					
					
					
					
					
					
					
					
					
					
					
					
					
					
					
					
					
					
					
					
					
					
					
					
					
					
					
					
					
					
					
					
					
					
					
					
					
					
					
					
					
					
					
					
					
					
					
					
					
					
					
					
					
					
					
					
					
					
					
					
					
					
					
					
					
					
					
					
					
					
					
					
					
					
					
					
					
					
					
					
					
					
					
					
					
					
					
					
					
					
					
					
					
					
					
					
					
					
					
					
					
					
					
					
					
					
					
					
					
					
					
					
					
					
					
					
					
					
					
					
					
					
					
					
					
					
					
					
					
					
					
					
					
					
					
					
					
					
					
					
					
					
					
					
					
					
					
					
					
					
					
					
					
					
					
					
					
					
					
					
					
					
					
					
					
					
					
					
					
					
					
					
					
					
					
					
					
					
					
					
					
					
					
					
					
					
					
					
					
					
					
					
					
					
					
					
					
					
					
					
					
					
					
					
					
					
					
					
					
					
					
					
					
					
					
					
					
					
					
					
					
					
					
					
					
					
					
					
					
					
					
					
					
					
					
					
					
					
					
					
					
					
					
					
					
					
					
					
					
					
					
					
					
					
					
					
					
					
					
					
					
					
					
					
					
					
					
					
					
					
					
					
					
					
					
					
					
					
					
					
					
					
					
					
					
					
					
					
					
					
					
					
					
					
					
					
					
					
					
					
					
					
					
					
					
					
					
					
					
					
					
					
					
					
					
					
					
					
					
					
					
					
					
					
					
					
					
					
					
					
					
					
					
					
					
					
					
					
					
					
					
					
					
					
					
					
					
					
					
					
					
					
					
					
					
					
					
					
					
					
					
					
					
					
					
					
					
					
					
					
					
					
					
					
					
					
					
					
					
					
					
					
					
					
					
					
					
					
					
					
					
					
					
					
					
					
					
					
					
					
					
					
					
					
					
					
					
					
					
					
					
					
					
					
					
					
					
					
					
					
					
					
					
					
					
					
					
					
					
					
					
					
					
					
					
					
					
					
					
					
					
					
					
					
					
					
					
					
					
					
					
					
					
					
					
					
					
					
					
					
					
					
					
					
					
					
					
					
					
					
					
					
					
					
					
					
					
					
					
					
					
					
					
					
					
					
					
					
					
					
					
					
					
					
					
					
					
					
					
					
					
					
					
					
					
					
					
					
					
					
					
					
					
					
					
					
					
					
					
					
					
					
					
					
					
					
					
					
					
					
					
					
					
					
					
					
					
					
					
					
					
					
					
					
					
					
					
					
					
					
					
					
					
					
					
					
					
					
					
					
					
					
					
					
					
					
					
					
					
					
					
					
					
					
					
					
					
					
					
					
					
					
					
					
					
					
					
					
					
					
					
					
					
					
					
					
					
					
					
					
					
					
					
					
					
					
					
					
					
					
					
					
					
					
					
					
					
					
					
					
					
					
					
					
					
					
					
					
					
					
					
					
					
					
					
					
					
					
					
					
					
					
					
					
					
					
					
					
					
					
					
					
					
					
					
					
					
					
					
					
					
					
					
					
					
					
					
					
					
					
					
					
					
					
					
					
					
					
					
					
					
					
					
					
					
					
					
					
					
					
					
					
					
					
					
					
					
					
					
					
					
					
					
					
					
					
					
					
					
					
					
					
					
					
					
					
					
					
					
					
					
					
					
					
